[{"path":"C:\\Users\\saifA\\.m2\\repository\\org\\mule\\connectors\\mule-sockets-connector\\1.2.5\\mule-sockets-connector-1.2.5-mule-plugin.jar","restricted":false},{"path":"C:\\Users\\saifA\\.m2\\repository\\org\\mule\\connectors\\mule-sockets-connector\\1.2.5\\mule-sockets-connector-1.2.5-mule-plugin.jar","restricted":false},{"path":"C:\\Users\\saifA\\.m2\\repository\\org\\mule\\sdk\\mule-sdk-api\\0.10.2\\mule-sdk-api-0.10.2.jar","restricted":false},{"path":"C:\\Users\\saifA\\.m2\\repository\\commons-io\\commons-io\\2.14.0\\commons-io-2.14.0.jar","restricted":false},{"path":"C:\\Users\\saifA\\.m2\\repository\\org\\apache\\commons\\commons-lang3\\3.17.0\\commons-lang3-3.17.0.jar","restricted":false}]