{
  "name": "APIKit",
  "minMuleVersion": "4.1.1",
  "requiredProduct": "MULE",
  "bundleDescriptorLoader": {
    "id": "mule",
    "attributes": {
    }
  },
  "extensionModelLoaderDescriptor": {
    "id": "crafted",
    "attributes": {
      "type": "org.mule.module.apikit.ApikitExtensionLoadingDelegate"
    }
  },
  "classLoaderModelLoaderDescriptor": {
    "id": "mule",
    "attributes": {
      "exportedPackages": [
        "org.mule.module.apikit.api",
        "org.mule.module.apikit.api.spi",
        "org.mule.module.apikit.api.config",
        "org.mule.module.apikit.api.exception",
        "org.mule.module.apikit.api.uri",
        "org.mule.module.apikit.api.validation",
        "org.mule.module.apikit.api.console",
        "org.mule.module.apikit.api.deserializing",
        "org.mule.module.apikit.spi",
        "org.mule.apikit.model",
        "org.mule.parser.service"
      ],
      "exportedResources": [
        "/META-INF/",
        "/META-INF/mule-apikit.xsd",
        "/META-INF/spring.handlers",
        "/META-INF/spring.schemas",
        "/plugin-bootstrap.properties"
      ]
    }
  }
}
