[{"path":"C:\\Users\\saifA\\.m2\\repository\\org\\mule\\connectors\\mule-db-connector\\1.14.16\\mule-db-connector-1.14.16-mule-plugin.jar","restricted":false},{"path":"C:\\Users\\saifA\\.m2\\repository\\org\\mule\\connectors\\mule-db-connector\\1.14.16\\mule-db-connector-1.14.16-mule-plugin.jar","restricted":false},{"path":"C:\\Users\\saifA\\.m2\\repository\\com\\mchange\\c3p0\\0.9.5.5\\c3p0-0.9.5.5.jar","restricted":false},{"path":"C:\\Users\\saifA\\.m2\\repository\\net\\bytebuddy\\byte-buddy\\1.14.5\\byte-buddy-1.14.5.jar","restricted":false},{"path":"C:\\Users\\saifA\\.m2\\repository\\com\\sun\\xml\\bind\\jaxb-xjc\\2.3.9\\jaxb-xjc-2.3.9.jar","restricted":false},{"path":"C:\\Users\\saifA\\.m2\\repository\\org\\apache\\commons\\commons-lang3\\3.13.0\\commons-lang3-3.13.0.jar","restricted":false},{"path":"C:\\Users\\saifA\\.m2\\repository\\com\\experlog\\xapool\\1.5.0\\xapool-1.5.0.jar","restricted":false},{"path":"C:\\Users\\saifA\\.m2\\repository\\jakarta\\xml\\bind\\jakarta.xml.bind-api\\2.3.3\\jakarta.xml.bind-api-2.3.3.jar","restricted":false},{"path":"C:\\Users\\saifA\\.m2\\repository\\com\\sun\\istack\\istack-commons-runtime\\3.0.12\\istack-commons-runtime-3.0.12.jar","restricted":false},{"path":"C:\\Users\\saifA\\.m2\\repository\\commons-io\\commons-io\\2.17.0\\commons-io-2.17.0.jar","restricted":false},{"path":"C:\\Users\\saifA\\.m2\\repository\\org\\mule\\connectors\\mule-db-client\\1.6.19\\mule-db-client-1.6.19.jar","restricted":false},{"path":"C:\\Users\\saifA\\.m2\\repository\\org\\apache\\commons\\commons-collections4\\4.5.0\\commons-collections4-4.5.0.jar","restricted":false},{"path":"C:\\Users\\saifA\\.m2\\repository\\com\\sun\\xml\\bind\\jaxb-impl\\2.3.9\\jaxb-impl-2.3.9.jar","restricted":false},{"path":"C:\\Users\\saifA\\.m2\\repository\\jakarta\\transaction\\jakarta.transaction-api\\1.3.3\\jakarta.transaction-api-1.3.3.jar","restricted":false},{"path":"C:\\Users\\saifA\\.m2\\repository\\org\\mule\\sdk\\mule-sdk-api\\0.8.0\\mule-sdk-api-0.8.0.jar","restricted":false},{"path":"C:\\Users\\saifA\\.m2\\repository\\com\\github\\ben-manes\\caffeine\\caffeine\\2.9.3\\caffeine-2.9.3.jar","restricted":false}]