[{"path":"C:\\Users\\saifA\\.m2\\repository\\org\\mule\\modules\\mule-apikit-module\\1.11.5\\mule-apikit-module-1.11.5-mule-plugin.jar","restricted":false},{"path":"C:\\Users\\saifA\\.m2\\repository\\org\\mule\\modules\\mule-apikit-module\\1.11.5\\mule-apikit-module-1.11.5-mule-plugin.jar","restricted":false},{"path":"C:\\Users\\saifA\\.m2\\repository\\io\\projectreactor\\reactor-core\\3.2.0.M1\\reactor-core-3.2.0.M1.jar","restricted":false},{"path":"C:\\Users\\saifA\\.m2\\repository\\javax\\xml\\bind\\jaxb-api\\2.3.1\\jaxb-api-2.3.1.jar","restricted":false},{"path":"C:\\Users\\saifA\\.m2\\repository\\commons-fileupload\\commons-fileupload\\1.5\\commons-fileupload-1.5.jar","restricted":false},{"path":"C:\\Users\\saifA\\.m2\\repository\\org\\mule\\apikit\\parser-service\\2.7.10\\parser-service-2.7.10.jar","restricted":false},{"path":"C:\\Users\\saifA\\.m2\\repository\\commons-io\\commons-io\\2.15.1\\commons-io-2.15.1.jar","restricted":false},{"path":"C:\\Users\\saifA\\.m2\\repository\\org\\apache\\httpcomponents\\httpmime\\4.5.13\\httpmime-4.5.13.jar","restricted":false},{"path":"C:\\Users\\saifA\\.m2\\repository\\org\\apache\\commons\\commons-collections4\\4.4\\commons-collections4-4.4.jar","restricted":false},{"path":"C:\\Users\\saifA\\.m2\\repository\\org\\apache\\commons\\commons-lang3\\3.11\\commons-lang3-3.11.jar","restricted":false}]