{
  "extensionModelLoaderDescriptor": {
    "id": "java",
    "attributes": {
      "type": "org.mule.extension.db.internal.DbConnector",
      "version": "1.14.16"
    }
  },
  "name": "Database",
  "requiredProduct": "MULE",
  "classLoaderModelLoaderDescriptor": {
    "id": "mule",
    "attributes": {
      "privilegedExportedPackages": [],
      "privilegedArtifactIds": [],
      "exportedPackages": [
        "org.mule.db.commons.shaded.api.param",
        "org.mule.db.commons.shaded.api.config",
        "org.mule.db.commons.shaded.api.exception.connection",
        "org.mule.extension.db.api.param",
        "org.mule.extension.db.api.logger",
        "org.mule.extension.db.api"
      ],
      "exportedResources": []
    }
  },
  "bundleDescriptorLoader": {
    "id": "mule",
    "attributes": {}
  },
  "minMuleVersion": "4.1.1"
}