[{"path":"C:\\Users\\saifA\\.m2\\repository\\org\\mule\\connectors\\mule-http-connector\\1.10.3\\mule-http-connector-1.10.3-mule-plugin.jar","restricted":false},{"path":"C:\\Users\\saifA\\.m2\\repository\\org\\mule\\connectors\\mule-http-connector\\1.10.3\\mule-http-connector-1.10.3-mule-plugin.jar","restricted":false},{"path":"C:\\Users\\saifA\\.m2\\repository\\org\\mule\\modules\\mule-module-cors-kernel\\1.1.2\\mule-module-cors-kernel-1.1.2.jar","restricted":false},{"path":"C:\\Users\\saifA\\.m2\\repository\\com\\sun\\activation\\jakarta.activation\\1.2.2\\jakarta.activation-1.2.2.jar","restricted":false},{"path":"C:\\Users\\saifA\\.m2\\repository\\org\\apache\\commons\\commons-lang3\\3.12.0\\commons-lang3-3.12.0.jar","restricted":false},{"path":"C:\\Users\\saifA\\.m2\\repository\\org\\mule\\sdk\\mule-sdk-compatibility-api\\0.7.4\\mule-sdk-compatibility-api-0.7.4.jar","restricted":false},{"path":"C:\\Users\\saifA\\.m2\\repository\\org\\mule\\sdk\\mule-sdk-api\\0.7.0\\mule-sdk-api-0.7.0.jar","restricted":false}]